,features,coefficients
0,danceability,-7.2238565763670985
1,energy,36.31372598960422
2,loudness,-2.1423786753105336
3,liveness,-1.595818995988862
4,valence,10.485616485866702
5,tempo,0.08395262108783363
6,duration_s,-0.007706865701521792
7,speechiness,42.73478955907941
8,instrumentalness,-6.738021548025076
