,playlist_yellow.csv,playlist_blue.csv,playlist_green.csv,playlist_red.csv,playlist_black.csv,playlist_purple.csv
0,"(1.0, 1.0)","(1.0, 1.0)","(1.0, 1.0)","(1.0, 1.0)","(1.0, 1.0)","(1.0, 1.0)"
1,"(1.0, 1.0)","(1.0, 1.0)","(1.0, 1.0)","(1.0, 1.0)","(1.0, 1.0)","(1.0, 1.0)"
2,"(1.0, 1.0)","(1.0, 1.0)","(1.0, 1.0)","(1.0, 1.0)","(1.0, 1.0)","(1.0, 1.0)"
3,"(1.0, 1.0)","(1.0, 1.0)","(1.0, 1.0)","(1.0, 1.0)","(1.0, 1.0)","(1.0, 1.0)"
4,"(1.0, 1.0)","(1.0, 1.0)","(1.0, 1.0)","(1.0, 1.0)","(1.0, 1.0)","(1.0, 1.0)"
5,"(1.5184698414442645e-93, 3.9852570183672476e-69)","(7.873930842859624e-103, 8.822867511257752e-32)","(6.489669834682076e-79, 1.7560312488123375e-60)","(6.947378921026097e-93, 3.3358542362156247e-10)","(7.962034029634301e-94, 1.033954621122781e-87)","(6.192679511032958e-126, 1.3556693735700015e-81)"
6,"(0.0, 0.0)","(0.0, 0.0)","(0.0, 0.0)","(0.0, 0.0)","(0.0, 0.0)","(0.0, 0.0)"
7,"(0.0, 2.8232626623399467e-118)","(3.3382493207084083e-299, 7.944931284690979e-161)","(0.0, 0.0)","(3.9959453065143815e-297, 5.728208016335661e-20)","(1.1683056513039995e-280, 1.240786759429604e-181)","(6.811142487793651e-287, 4.125680691688743e-205)"
