,features,coefficients
0,danceability,-17.002771061504657
1,energy,-62.63779275536727
2,loudness,1.727741668056956
3,liveness,65.03037026553305
4,valence,60.69604805377305
5,tempo,0.0814730959118295
6,duration_s,0.038284342177746566
7,speechiness,23.293502626392776
8,instrumentalness,14.014849543919201
