,playlist_yellow.csv,playlist_blue.csv,playlist_green.csv,playlist_red.csv,playlist_black.csv,playlist_purple.csv
0,0.0002983280950324389,0.7696541588346892,9.96467447256953e-06,0.0039322853152891106,2.2852320132456104e-19,0.09027269697592322
1,6.935347917721467e-07,0.012512365633502276,0.0006685575704588346,9.080933961480288e-09,5.182274617180022e-23,5.997093123746681e-13
2,0.009989573147873129,0.3150011790580582,0.5170519447729403,1.4004030483441404e-05,1.8164405319647104e-15,1.9682856652443098e-07
3,0.02670263222181282,0.5924931880624196,0.37858360018359194,0.32366407009762976,0.00040900768201781865,0.8202650368987381
4,7.352979072185232e-08,0.3007460376476339,0.09638632709822385,0.03220088823111202,3.5934634735058166e-05,0.08621361818235437
5,0.22233531306778095,0.8911146833133148,0.0017369825201133495,0.41396048307143485,0.7965054334175372,0.2664893026411494
6,0.22561255018304924,0.2695801558916087,0.00634129616724131,9.549100398456005e-13,0.8942494455045473,4.271390367515453e-16
7,1.1815382901336822e-05,0.331948174927042,0.39558724219944164,1.8243034391268937e-15,2.5520908811073448e-05,0.11955455312257207
